{"cameraMode":{"drawMode":0,"name":"Shaded","section":"Shading Mode"},"sceneLighting":true,"audioPlay":false,"sceneViewState":{"showFog":true,"showMaterialUpdate":false,"showSkybox":true,"showFlares":true,"showImageEffects":true,"showParticleSystems":true},"in2DMode":false,"pivot":{"x":0.2797272503376007,"y":2.0859179496765138,"z":5.144857406616211},"rotation":{"x":-0.010808121412992478,"y":0.020093338564038278,"z":-0.0002174533874494955,"w":-0.9997397065162659},"size":5.707395553588867,"orthographic":false}